{"FRWP exec idle": 1781237410.7463632, "FromScratch exec idle": 1781237411.68493, "HugwartsBanana exec idle": 1781237412.6335402, "RobotAI exec idle": 1781237413.5573783}