{"HugwartsBanana exec idle": 1781235348.036725, "FromScratch exec idle": 1781235434.110794}